{
    "balls": [[2.0,6.0,2.5,1.0]],
    "blocks": [
    [50.147340831840665, 26.30995918816552, 0.00e+00, 50.14751262138688, 26.30976536826546, 5.00e+00],
    [50.14773888018769, 26.30976455891755, 0.00e+00, 50.14783546725792, 26.309385692728583, 5.00e+00]
    ],
    "obbs": [
    [[5.0,7.0,2.5],[0.5,2.0,2.5],[135,0,0]]],
    "xmin":50.0,
    "ymin":26.0,
    "zmin":0.0,
    "xmax":51.0,
    "ymax":27.0,
    "zmax":0.02,
    "resolution":1
}