{
    "0":[[50.147340831840665, 26.30995918816552],[50.14751262138688, 26.30995918816552],
    [50.14751262138688, 26.30976536826546],[50.147340831840665, 26.30976536826546],
    [50.147340831840665, 26.30995918816552]],
    
    "1":[[50.14773888018769, 26.30976455891755],[50.14783546725792,26.30976455891755],
    [50.14783546725792,26.309385692728583],[50.14773888018769,26.309385692728583],
    [50.14773888018769, 26.30976455891755]]
}